alpha,S,N
2.016512393951416,311.4032897949219,0.05853233113884926