alpha,S,N
1.3266897201538086,1548.482666015625,0.009697005152702332