alpha,S,N
2.002072811126709,320.23095703125,0.05534041300415993