alpha,S,N
1.8847099542617798,337.4982604980469,0.05378875508904457