alpha,S,N
2.700563907623291,199.29962158203125,0.03541592136025429