alpha,S,N
1.7844711542129517,400.718994140625,0.030041011050343513