alpha,S,N
2.0517966747283936,318.0781555175781,0.05300923064351082