alpha,S,N
0.8953431844711304,1780.5648193359375,0.009046838618814945