alpha,S,N
1.8311806917190552,389.9866943359375,0.03059629164636135