alpha,S,N
1.4758185148239136,1217.6669921875,0.010858017951250076