alpha,S,N
2.0275871753692627,320.842041015625,0.05045490711927414