alpha,S,N
1.8049535751342773,443.84088134765625,0.03020048700273037