alpha,S,N
1.8322306871414185,368.6714782714844,0.03925716504454613