alpha,S,N
2.0243632793426514,311.07427978515625,0.05935529246926308