alpha,S,N
1.9717499017715454,328.3329772949219,0.05043966695666313