alpha,S,N
2.4881768226623535,240.51280212402344,0.05005890876054764