alpha,S,N
2.0597922801971436,290.6365051269531,0.07708269357681274