alpha,S,N
1.8543511629104614,424.9256591796875,0.032655276358127594