alpha,S,N
0.8828621506690979,1705.538330078125,0.009107234887778759