alpha,S,N
2.1340646743774414,305.1180725097656,0.054894790053367615