alpha,S,N
1.4423190355300903,294.7884216308594,0.05741839110851288