alpha,S,N
1.92002534866333,321.5733947753906,0.05774669721722603