alpha,S,N
2.002411127090454,327.2665100097656,0.04902053251862526