alpha,S,N
2.031874418258667,322.8906555175781,0.048913151025772095