alpha,S,N
1.6008597612380981,340.3062438964844,0.03321782872080803