alpha,S,N
1.8970195055007935,329.14434814453125,0.05652677267789841