alpha,S,N
2.923628330230713,221.2956085205078,0.043058473616838455