alpha,S,N
1.7933613061904907,338.4615173339844,0.05956815555691719