alpha,S,N
1.7875711917877197,336.9308166503906,0.05823814496397972