alpha,S,N
1.9406483173370361,377.4490051269531,0.0370011143386364