alpha,S,N
1.973237156867981,329.7628173828125,0.049458593130111694