alpha,S,N
1.7113232612609863,325.2794494628906,0.031946003437042236