alpha,S,N
1.4240036010742188,297.984375,0.02919931896030903