alpha,S,N
0.9750005602836609,1782.2152099609375,0.009352166205644608