alpha,S,N
1.927096962928772,341.27294921875,0.03689441829919815