alpha,S,N
1.7136731147766113,384.8169860839844,0.04867840185761452