alpha,S,N
1.7690080404281616,334.6134033203125,0.060952357947826385