alpha,S,N
1.9837498664855957,330.7611083984375,0.04799063503742218