alpha,S,N
1.9610072374343872,353.096923828125,0.044799454510211945