alpha,S,N
1.706058144569397,466.0079650878906,0.019666366279125214