alpha,S,N
1.939562439918518,374.837890625,0.036888182163238525