alpha,S,N
1.9682964086532593,329.9525146484375,0.04910457879304886