alpha,S,N
1.9119288921356201,325.27557373046875,0.05760522931814194