alpha,S,N
2.02998423576355,319.7797546386719,0.053615815937519073