alpha,S,N
2.0003364086151123,328.4698486328125,0.053343795239925385