alpha,S,N
2.018866777420044,348.3408203125,0.037280116230249405