alpha,S,N
2.001619338989258,359.9454345703125,0.038676340132951736