alpha,S,N
1.1743335723876953,303.68994140625,0.03750748187303543