alpha,S,N
1.2757614850997925,726.2289428710938,0.011162392795085907