alpha,S,N
1.97307288646698,312.5930480957031,0.061139632016420364