alpha,S,N
2.002051830291748,353.18939208984375,0.03869612514972687