alpha,S,N
1.9894026517868042,344.82354736328125,0.04558100551366806