alpha,S,N
1.8931952714920044,327.5928039550781,0.05768447369337082