alpha,S,N
1.773173213005066,536.749755859375,0.029309164732694626