alpha,S,N
2.0292820930480957,315.7314147949219,0.05718744546175003