alpha,S,N
1.6685900688171387,736.9653930664062,0.010766654275357723