alpha,S,N
1.966406226158142,319.2137756347656,0.05884687229990959