alpha,S,N
2.1541943550109863,693.0082397460938,0.011534713208675385