alpha,S,N
1.9931596517562866,360.58001708984375,0.038346923887729645