alpha,S,N
2.0451650619506836,327.2838134765625,0.046950262039899826