alpha,S,N
1.9251521825790405,319.7974548339844,0.06021516025066376