alpha,S,N
2.016139268875122,323.52777099609375,0.05014509707689285