alpha,S,N
2.807178258895874,186.94561767578125,0.01504658441990614