alpha,S,N
2.5361506938934326,220.55860900878906,0.04374135658144951