alpha,S,N
2.0088045597076416,333.4818420410156,0.04806017130613327