alpha,S,N
0.8334344029426575,594.9179077148438,0.019999999552965164