alpha,S,N
1.0006084442138672,1939.0721435546875,0.010607918724417686