alpha,S,N
2.0386250019073486,327.0605773925781,0.047287169843912125