alpha,S,N
1.2901886701583862,1365.770263671875,0.010857805609703064