alpha,S,N
2.6206295490264893,202.91091918945312,0.0311915073543787