alpha,S,N
1.9964425563812256,317.3812255859375,0.05670305714011192