alpha,S,N
1.2082878351211548,272.8694763183594,0.028537515550851822