alpha,S,N
1.8406974077224731,449.38140869140625,0.030841510742902756