alpha,S,N
1.563098669052124,1249.1099853515625,0.009943520650267601