alpha,S,N
1.5689713954925537,785.4822998046875,0.010795637965202332