alpha,S,N
2.80159330368042,196.24073791503906,0.029047146439552307