alpha,S,N
1.9821330308914185,341.0427551269531,0.046961188316345215