alpha,S,N
1.7654908895492554,532.74853515625,0.02890174649655819