alpha,S,N
2.0051681995391846,324.6738586425781,0.05021713301539421