alpha,S,N
1.9872210025787354,338.7224426269531,0.04510488733649254