alpha,S,N
1.6389379501342773,543.0493774414062,0.016900276765227318