alpha,S,N
1.3793216943740845,1152.9271240234375,0.010617483407258987