alpha,S,N
2.005862236022949,313.7138671875,0.06070034205913544