alpha,S,N
1.980489730834961,317.8745422363281,0.058833349496126175