alpha,S,N
1.357952356338501,1227.849365234375,0.010796780698001385