alpha,S,N
1.7629501819610596,485.0753479003906,0.030692894011735916