alpha,S,N
2.0229644775390625,332.20928955078125,0.04626937955617905