alpha,S,N
1.7116223573684692,515.1768188476562,0.02721342444419861