alpha,S,N
1.7210090160369873,572.3662719726562,0.010064095258712769