alpha,S,N
2.425485372543335,261.4287109375,0.08920519798994064