alpha,S,N
1.9799364805221558,316.46893310546875,0.058759793639183044