alpha,S,N
1.8812845945358276,323.32171630859375,0.06120401993393898