alpha,S,N
0.9644846320152283,1675.4429931640625,0.008881202898919582