alpha,S,N
2.0283913612365723,317.9294128417969,0.05235785245895386