alpha,S,N
2.6087262630462646,215.298095703125,0.011772803962230682