alpha,S,N
3.261343240737915,147.10800170898438,0.014822586439549923