alpha,S,N
3.2883293628692627,150.38087463378906,0.014747235924005508