alpha,S,N
1.6558772325515747,1017.4002685546875,0.011072490364313126