alpha,S,N
1.9335135221481323,381.9461364746094,0.03629700466990471