alpha,S,N
2.54775071144104,217.03131103515625,0.022214332595467567