alpha,S,N
1.9893009662628174,337.811279296875,0.04546619579195976