alpha,S,N
2.01646089553833,326.7640686035156,0.04808706045150757