alpha,S,N
0.95737624168396,1684.3970947265625,0.01102649886161089