alpha,S,N
1.9934014081954956,321.1190490722656,0.05191631242632866