alpha,S,N
2.069824695587158,315.52264404296875,0.05525654926896095