alpha,S,N
1.8953732252120972,401.1692199707031,0.03485862910747528