alpha,S,N
2.0353682041168213,298.63983154296875,0.07839949429035187