alpha,S,N
2.570557117462158,231.86593627929688,0.009432719089090824