alpha,S,N
1.7045913934707642,492.351318359375,0.02701074443757534