alpha,S,N
2.0598371028900146,320.6487121582031,0.049694888293743134