alpha,S,N
1.9038355350494385,332.11138916015625,0.05384288728237152