alpha,S,N
1.788275957107544,414.3739013671875,0.029418133199214935