alpha,S,N
1.994766116142273,336.4594421386719,0.045490559190511703