alpha,S,N
2.435032606124878,237.949462890625,0.009564647451043129