alpha,S,N
1.9859373569488525,325.01092529296875,0.05047276243567467