alpha,S,N
1.1518645286560059,241.32373046875,0.05469640716910362