alpha,S,N
1.9269524812698364,388.3649597167969,0.034677654504776