alpha,S,N
1.001070499420166,1571.8892822265625,0.009784157387912273