alpha,S,N
1.8046073913574219,337.1763916015625,0.058200109750032425