alpha,S,N
1.9344470500946045,342.5454406738281,0.010007302276790142