alpha,S,N
3.466856002807617,189.98577880859375,0.012735421769320965