alpha,S,N
1.9236533641815186,325.27587890625,0.05762353911995888