alpha,S,N
1.07753586769104,1941.0028076171875,0.009523379616439342