alpha,S,N
1.1306103467941284,1794.3828125,0.010764102451503277