alpha,S,N
2.0171141624450684,331.76776123046875,0.04841792583465576