alpha,S,N
1.981060266494751,328.59893798828125,0.0495862178504467