alpha,S,N
1.9909387826919556,338.4595947265625,0.04736648127436638