alpha,S,N
1.8753048181533813,338.8523254394531,0.05368441343307495