alpha,S,N
1.2269365787506104,1379.7210693359375,0.00958483200520277