alpha,S,N
1.9500062465667725,371.76007080078125,0.037409547716379166