alpha,S,N
1.411231517791748,1369.234130859375,0.01164426002651453