alpha,S,N
1.0576757192611694,1801.9478759765625,0.010853820480406284