alpha,S,N
2.1251189708709717,310.1142883300781,0.04990748316049576