alpha,S,N
1.9598217010498047,329.4132995605469,0.038047026842832565