alpha,S,N
1.0347957611083984,1500.685546875,0.009068732149899006