alpha,S,N
1.167225956916809,334.6419677734375,0.019999999552965164