alpha,S,N
2.8179683685302734,202.29551696777344,0.013207226991653442