alpha,S,N
1.2655999660491943,1867.810546875,0.009596667252480984