alpha,S,N
2.0500311851501465,317.1617126464844,0.053836919367313385