alpha,S,N
2.0558836460113525,315.6820373535156,0.05364901199936867