alpha,S,N
1.7342078685760498,522.3598022460938,0.02935902401804924