alpha,S,N
1.6049792766571045,333.7718505859375,0.04422900080680847