alpha,S,N
2.6686573028564453,224.42312622070312,0.027173615992069244