alpha,S,N
1.5894339084625244,972.631103515625,0.010705212131142616