alpha,S,N
1.3052501678466797,425.4720764160156,0.039100274443626404