alpha,S,N
1.0368516445159912,1929.8516845703125,0.011010495014488697