alpha,S,N
1.905089259147644,394.31683349609375,0.035291895270347595