alpha,S,N
1.9977058172225952,320.4969177246094,0.0524003729224205