alpha,S,N
1.9087096452713013,357.1063537597656,0.008931519463658333