alpha,S,N
1.9802241325378418,317.924560546875,0.060391053557395935