alpha,S,N
1.963816523551941,323.3214111328125,0.05752105638384819