alpha,S,N
1.3725203275680542,1364.57763671875,0.011115731671452522