alpha,S,N
1.399294137954712,605.17724609375,0.017173008993268013