alpha,S,N
2.004570722579956,334.4234313964844,0.047834936529397964