alpha,S,N
1.0,600.0000610351562,0.019999999552965164