alpha,S,N
1.2709424495697021,307.3021240234375,0.014472677372395992