alpha,S,N
1.998557448387146,336.6152648925781,0.045379795134067535