alpha,S,N
1.8811168670654297,404.731689453125,0.03477553278207779