alpha,S,N
1.6952836513519287,383.2362976074219,0.02773100696504116