alpha,S,N
1.9537253379821777,349.0755920410156,0.046260569244623184