alpha,S,N
1.319655418395996,1288.4796142578125,0.011030584573745728