alpha,S,N
2.0471749305725098,316.3915100097656,0.05262165516614914