alpha,S,N
1.6893620491027832,1060.5169677734375,0.010947119444608688