alpha,S,N
2.003039598464966,336.1345520019531,0.0477181002497673