alpha,S,N
1.8110359907150269,444.45697021484375,0.0301857590675354