alpha,S,N
2.978640556335449,289.5289611816406,0.011797405779361725