alpha,S,N
1.5056610107421875,440.9462585449219,0.03181004896759987