alpha,S,N
1.3507434129714966,1179.5355224609375,0.010799932293593884