alpha,S,N
1.4116630554199219,1002.4869995117188,0.010736754164099693