alpha,S,N
1.977935552597046,344.6256408691406,0.045366089791059494