alpha,S,N
1.211654543876648,1637.244140625,0.009255890734493732