alpha,S,N
1.989712119102478,340.5196838378906,0.046664461493492126