alpha,S,N
2.0223348140716553,321.806396484375,0.05162481963634491