alpha,S,N
1.785900592803955,376.9451904296875,0.03071039542555809