alpha,S,N
2.083024024963379,278.3203430175781,0.011638171039521694