alpha,S,N
2.1235411167144775,301.43798828125,0.05603492259979248