alpha,S,N
2.0183303356170654,325.7713623046875,0.04911511763930321