alpha,S,N
1.8436667919158936,344.1551513671875,0.010800261981785297