alpha,S,N
1.5197080373764038,1295.9222412109375,0.010538097470998764