alpha,S,N
1.9949473142623901,336.4400329589844,0.04579436033964157