alpha,S,N
1.983927845954895,363.42889404296875,0.03841722011566162