alpha,S,N
1.1067923307418823,335.25689697265625,0.09663381427526474