alpha,S,N
1.713010311126709,424.15557861328125,0.00995319802314043