alpha,S,N
2.0225658416748047,332.1410217285156,0.0482775941491127