alpha,S,N
0.8986101746559143,271.50927734375,0.019999999552965164