alpha,S,N
1.9800883531570435,331.314697265625,0.04788823798298836