alpha,S,N
0.6744303107261658,1176.6273193359375,0.008407254703342915