alpha,S,N
1.9955241680145264,362.5323181152344,0.03830784186720848