alpha,S,N
1.8009694814682007,429.8457946777344,0.030164111405611038