alpha,S,N
1.1806087493896484,1694.7174072265625,0.009434252977371216