alpha,S,N
2.0767569541931152,293.3111267089844,0.07904353737831116