alpha,S,N
1.8041664361953735,405.377197265625,0.030830563977360725