alpha,S,N
1.8073062896728516,394.3538818359375,0.030545124784111977