alpha,S,N
1.87388277053833,410.4314880371094,0.03420482948422432