alpha,S,N
2.566502571105957,225.71182250976562,0.012327630072832108