alpha,S,N
2.008016347885132,318.3163757324219,0.05633106082677841