alpha,S,N
2.11674427986145,308.70233154296875,0.051008351147174835