alpha,S,N
2.639244794845581,206.69937133789062,0.023792242631316185