alpha,S,N
1.8254756927490234,436.5649108886719,0.033087607473134995