alpha,S,N
1.746323823928833,465.45208740234375,0.028177935630083084