alpha,S,N
2.0274503231048584,321.48828125,0.052758824080228806