alpha,S,N
0.9758845567703247,1842.4891357421875,0.009034659713506699