alpha,S,N
1.9761542081832886,321.61370849609375,0.054936714470386505