alpha,S,N
1.9753901958465576,349.99029541015625,0.04507818445563316