alpha,S,N
0.9851603507995605,1763.5982666015625,0.009639875032007694