alpha,S,N
1.95943021774292,347.5737609863281,0.04634930565953255