alpha,S,N
2.7280287742614746,207.54171752929688,0.013006499037146568