alpha,S,N
2.039701223373413,314.2179260253906,0.05411947891116142