alpha,S,N
2.005359649658203,326.9748229980469,0.050165291875600815