alpha,S,N
1.8434867858886719,460.01690673828125,0.03117321990430355