alpha,S,N
1.9441393613815308,317.0127868652344,0.05735114589333534