alpha,S,N
1.2965089082717896,540.7194213867188,0.013960557989776134