alpha,S,N
1.949300765991211,323.4606628417969,0.05626024678349495