alpha,S,N
2.040309190750122,317.83013916015625,0.05281658098101616