alpha,S,N
2.023284912109375,323.0372619628906,0.050577562302351