alpha,S,N
0.9149820804595947,2005.5821533203125,0.008580025285482407