alpha,S,N
2.518801212310791,216.77935791015625,0.03275013342499733