en,sigma_abs,zero,err_sigma_abs,peak_abs,err_peak_abs,bes,syst_a,syst_b
10,4.98118,0,12635.5,201.276,7129.98,0.24,0.48,0.15
20,7.46959,0,0.0159438,401.511,0.0315968,0.24,0.48,0.15
34,9.79696,0,0.0034953,674.126,0.0274657,0.24,0.32,0.04
52,12.5335,0,0.00016581,1026.71,0.0371524,0.27,0.22,0
74,15.129,0,0.000737498,1455.16,0.0512036,0.36,0.22,0.08
99,20.198,0,0.034735,1943.69,0.0709683,0.56,0.26,0.08
120,28.6989,0,0.0939231,2296.9,0.125424,0.77,0.26,0.5
